"Post ID","Page ID","Page name",Title,"Duration (sec)","Publish time",Permalink,"Post type","Data comment",Date,"Average Seconds viewed",Comments,Distribution,"Approximate earnings (USD)","Stars (USD)",Impressions,Interactions,"Net follows",Reactions,Saves,Shares,"Seconds viewed",Viewers,Views
122124156585355495,61590664855715,"Universe impact","3I/ATLAS — The Interstellar Visitor That Couldn't Be Explained Away

Something older than our Sun just flew through our solar system — and for a few weeks in 2025, some of the world's top scientists couldn't rule out that it was artificial.

---

TIMESTAMPS

0:00 — Something just flew through our solar system
0:08 — Discovery: July 1, 2025, ATLAS survey in Chile
0:21 — Retrograde trajectory anomaly
0:37 — The artificial question: Avi Loeb & SETI
0:52 — JWST chemical fingerprint findings
1:19 — It's leaving — and will never return

---

WHAT IS 3I/ATLAS?

3I/ATLAS is the third confirmed interstellar object ever detected passing through our solar system, after 1I/'Oumuamua (2017) and 2I/Borisov (2019). It was discovered on July 1, 2025 by the ATLAS (Asteroid Terrestrial-impact Last Alert System) survey telescope in Chile.

Unlike the previous two interstellar visitors, 3I/ATLAS was studied in unprecedented detail — with Hubble, JWST, Gemini South, the Vera Rubin Observatory, and even ESA's ExoMars Trace Gas Orbiter observing it from 30 million kilometers away.

---

VERIFIED FACTS

• Discovered: July 1, 2025 by ATLAS survey, Chile
• Third interstellar object ever detected (after 1I/'Oumuamua and 2I/Borisov)
• Age: approximately 9–13 billion years old (older than our 4.6-billion-year-old Sun)
• Speed: ~58 km/s relative to the Sun
• Trajectory: retrograde, aligned within ~5 degrees of the ecliptic plane
  — Probability of random alignment: ~0.2% (1 in 500)
• Sunward jet observed: material flowing toward the Sun, not away from it
• Survived perihelion (closest approach to Sun): October 29, 2025
• Nucleus size: ~2.6 km diameter (measured by Hubble)
• Chemical composition (JWST): methane, carbon dioxide, water ice
• Deuterium ratio: unusually high — consistent with formation in the coldest, most isolated region of the galaxy
• Avi Loeb (Harvard) publicly raised the possibility it could be artificial
• SETI Institute: Allen Telescope Array observed it — no radio signals detected
• ESA Comet Interceptor mission planned to intercept future interstellar visitors

---

THE ANOMALIES THAT PUZZLED SCIENTISTS

1. RETROGRADE ORBIT — 3I/ATLAS orbits the Sun in the opposite direction to the planets. Its trajectory is aligned within 5 degrees of the ecliptic plane, a coincidence with less than 0.2% probability for a random interstellar object.

2. SUNWARD JET — Astronomers observed material flowing toward the Sun instead of away from it. While outgassing is common in comets, a sunward jet is unusual and initially puzzled researchers.

3. CHEMICAL FINGERPRINT — JWST detected methane, CO₂, and water ice in its coma. The deuterium-to-hydrogen ratio was unusually high, suggesting formation in an extremely cold, isolated environment — possibly around a red dwarf star billions of years ago.

4. ARTIFICIAL HYPOTHESIS — Harvard astrophysicist Avi Loeb noted that some characteristics were consistent with a potential artificial origin. While the scientific consensus favors a natural cometary explanation, the possibility was discussed seriously in the academic community.

---

OBSERVATORIES THAT STUDIED 3I/ATLAS

• ATLAS (Chile) — Discovery
• Hubble Space Telescope — Nucleus measurement, trajectory
• James Webb Space Telescope (JWST) — Chemical composition, spectroscopy
• Gemini South (GMOS instrument) — Tail growth timelapse
• Vera Rubin Observatory (LSST) — 100-exposure timelapse
• ESA ExoMars Trace Gas Orbiter — Observation from 30 million km
• Allen Telescope Array (SETI) — Radio signal search
• European Southern Observatory (VLT) — Timelapse of movement across star field

---

SOURCES

• NASA: ""Hubble Sees an Interstellar Visitor"" (2025)
• ESA: ""ExoMars Trace Gas Orbiter observes comet 3I/ATLAS"" (October 2025)
• NOIRLab: ""Gemini South Captures Growing Tail of Interstellar Comet 3I/ATLAS"" (2025)
• NOIRLab: ""Vera Rubin Observatory: 100 Exposures of 3I/ATLAS"" (2025)
• ESO: ""VLT Timelapse of 3I/ATLAS"" — Potw2527a (July 2025)
• ArXiv: ""The Trajectory and Composition of Interstellar Comet 3I/ATLAS"" (2025)
• Avi Loeb, Harvard-Smithsonian Center for Astrophysics — Public statements on artificial hypothesis
• SETI Institute — Allen Telescope Array observation report

---

CREDIT

Footage: ESA/Hubble, NASA, ESO, NOIRLab/NSF/AURA, Pixabay (CC0)
Music: Licensed for commercial use
Voice: AI-generated narration

---

FOLLOW UNIVERSE IMPACT

🔔 Subscribe for more deep-space discoveries
📱 Follow us for daily space content

#3IATLAS #InterstellarComet #Comet3I #ATLAS #JWST #Hubble #ESO #NOIRLab #Space #Astronomy #InterstellarObject #DeepSpace #SolarSystem #Comet #AviLoeb #SETI #universeimpact",90,"08/05/2026 16:21",https://www.facebook.com/reel/1023087267275832/,Reel,,Lifetime,31.05,0,+1x,0,0,4744,191,29,179,9,7,149167.138,4682,5548
122130462375355495,61590664855715,"Universe impact","This moon looks completely frozen. But beneath its surface hides an ocean so vast, scientists think it could hold the ingredients for life.

In 2005, NASA's Cassini spacecraft found the impossible: more than 100 geysers blasting ocean water into space from a moon too small to keep an ocean liquid. So Cassini did what no spacecraft had ever done — it flew through the spray.

The water carried salts, organic molecules, and silica grains from hot vents on the seafloor. Then in 2023, the last piece: phosphates. Every major element life requires is floating in that spray.

The scale is absurd:
• The plume stretches nearly 10,000 km into space
• Enceladus loses 200 kg of ocean every second
• Saturn's outermost E ring is literally made of Enceladus's ocean water

Beneath 10 km of ice, a global ocean wraps the entire moon. Warm hydrothermal vents on the seafloor release the same energy that powers Earth's deep-sea ecosystems — pumping out the exact chemistry that may have started life on our own planet. No sunlight required.

So if life exists beyond Earth... Enceladus may be hiding it. Beneath the ice. Right now.

So here's the question: what's hiding down there? Comment your theory — your answer might be right.

Universe Impact.

Sources:
• NASA/JPL Cassini mission (plume discoveries 2005–2017)
• Postberg et al., Nature (2023) — phosphates in Enceladus ice grains
• Waite et al., Science (2017) — molecular hydrogen, hydrothermal chemistry

Footage: NASA/JPL/Space Science Institute (Cassini PIA imagery, public domain)
Narration: AI-generated
Edit: 86s fast-cut 9:16 · global-to-inside progression · word-synced captions",93,"09/02/2026 16:00",https://www.facebook.com/reel/1735109767783681/,Reel,,Lifetime,7.148,0,-16.2x,0,0,305,6,1,4,1,1,2101.525,291,305
122130430833355495,61590664855715,"Universe impact","🌋❄️ ANTARCTICA FROZE 25 MILLION YEARS BEFORE THE ARCTIC — and science finally knows WHY.

34 million years ago Earth was 5°C WARMER than today. Forests grew near the poles. Ice should have been IMPOSSIBLE…

The answer was hiding deep beneath our feet: 🔥 MANTLE WAVES — slow-motion waves rolling through the Earth's interior after supercontinents tore apart.

⬆️ They stripped dense rock from under the plate and PUSHED East Antarctica upward — raising a 2-km escarpment and the Gamburtsev Mountains, an entire alpine range now buried under 3 km of ice. 🏔️

❄️ High altitude = cold → snow survived the greenhouse summers → the first glaciers were born. 🪞 Then the young ice became a planetary MIRROR, cooling the whole globe by a full degree.

The Arctic? Too LOW. No mountains, no altitude, no ice — for another 25 million years.

🤯 The takeaway: ICE AGES ARE BORN INSIDE THE EARTH. And that ice now locks away 52 METERS of sea level rise.

👉 FOLLOW for more secrets of the deep Earth.

#Antarctica #IceAge #Geology #MantleWaves #Science #NewDiscovery #ClimateChange #EarthScience #Gamburtsev #reelschallenge",103,"09/02/2026 12:00",https://www.facebook.com/reel/1473232514829623/,Reel,,Lifetime,29.265,0,-0.6x,0,0,1849,20,3,16,3,1,52999.635,1847,1943
122130420621355495,61590664855715,"Universe impact","🚨 ANTARCTICA JUST SENT US A WARNING — and for 13 YEARS nobody heard it. 🧊

Scientists just uncovered 362 HIDDEN EARTHQUAKES buried in seismic data from the bottom of the world…

…and 245 of them are clustered at the edge of ONE glacier: THWAITES — the ""Doomsday Glacier."" 😨

⚡ They strike when icebergs the size of SKYSCRAPERS snap off, capsize, and slam back into the ice. ⚡ The signals were so low-frequency, global sensors missed them for a DECADE. ⚡ And they spiked exactly when the glacier accelerated toward the sea.

If Thwaites collapses → global sea levels rise 3 METERS. 🌊

For 20 years we thought Antarctica was silent. We just weren't listening. 🎧

👉 FOLLOW for more discoveries from the edge of the world.

#Antarctica #DoomsdayGlacier #Thwaites #Earthquake #ClimateChange #Science #NewDiscovery #SeaLevelRise #Iceberg #reelschallenge",94,"09/02/2026 08:54",https://www.facebook.com/reel/1095875702787299/,Reel,,Lifetime,11.479,0,-6x,0,0,640,3,0,3,0,0,7128.612,619,657
122130285819355495,61590664855715,"Universe impact","🌌 EARTH-LIKE WORLDS MAY HAVE BEEN POSSIBLE JUST 100 MILLION YEARS AFTER THE BIG BANG.

New research from the University of Portsmouth suggests the ingredients needed to build rocky planets may have existed astonishingly early in cosmic history.

Computer simulations show how some of the universe's first massive stars could have exploded as powerful supernovae, scattering elements such as carbon, oxygen and iron into surrounding space.

That enriched material could then have collapsed into a planet-forming disk around a young star — roughly 70% the mass of our Sun.

In the simulation, the disk contained enough solid material to produce several Earth masses of planetary building blocks, at roughly the same distance from its star as Earth is from the Sun.

Even more surprising? The disk also contained substantial water.

Important: scientists have NOT discovered an ancient Earth. This is a simulation — showing that the conditions for rocky planet formation may have existed far earlier than we once thought.

So here's the question:
🌍 How early could the first potentially habitable worlds have appeared?

We don't know yet. And that's the mystery.

Follow Universe Impact for more discoveries that challenge what we think we know about the cosmos. 🌌

#Space #Astronomy #Universe #Cosmos #PlanetFormation #BigBang #NASA #Science #Exoplanets",110,"09/01/2026 16:13",https://www.facebook.com/reel/2314917595710804/,Reel,,Lifetime,10.16,0,-9.2x,0,0,509,5,1,4,1,1,5019.197,500,515
122130159291355495,61590664855715,"Universe impact","🚨 SCIENTISTS JUST DISCOVERED SOMETHING THAT SHOULDN'T EXIST.

At first, it looked like a tiny red dot hidden in one of the deepest images ever taken of the universe.

Nothing special.

Just another distant object billions of light-years away.

But when astronomers looked closer, they were stunned.

It wasn't a galaxy.

It wasn't a star.

And it wasn't a black hole.

It appeared to be something completely new.

🌌 A ""BLACK HOLE STAR.""

Imagine a black hole trapped inside a giant cloud of gas so massive that it glows brighter than entire galaxies.

Scientists estimate this object releases nearly 100 BILLION TIMES more energy than our Sun.

The discovery is so unusual that researchers believe it may represent an entirely new class of cosmic object never seen before. It could even help explain how the first supermassive black holes formed shortly after the Big Bang.

Now think about this...

If astronomers found one by accident...

How many more are hiding in the darkness of the universe right now?

Could there be millions of invisible cosmic monsters waiting to be discovered?

Or is this the first glimpse of a completely unknown chapter in the history of the cosmos?

👀 What do you think this mysterious object really is?

💬 Comment your theory below.

🚀 Follow Universe Impact for discoveries that make the universe even stranger than science fiction.",0,"09/01/2026 06:00",https://www.facebook.com/permalink.php?story_fbid=pfbid02ufZZvQXmBHAcRUSUDyyLsSmXP45TSN4EvhrhtkYAmzDCD1nXPF636mJxULbZHSMnl&id=61590664855715,Photo,,Lifetime,,0,--,0,0,67,2,0,1,0,1,,66,139
122130156915355495,61590664855715,"Universe impact","🌌 A GALAXY WITH NO STARS? ASTRONOMERS CAN'T BELIEVE IT EXISTS.

Imagine looking into space and finding a galaxy that is almost completely invisible.

No shining stars.

No glowing solar systems.

No bright cosmic light.

Just a mysterious cloud of gas surrounded by something we can't see.

Scientists recently identified an object called **Cloud-9**, which may be the first confirmed ""starless galaxy"" ever discovered. It appears to contain huge amounts of dark matter, yet almost no stars at all. This is something astronomers predicted for decades but never expected to find so clearly.

Now comes the terrifying question...

How many other invisible galaxies are floating through the universe right now?

If entire galaxies can exist without stars, could there be vast cosmic structures hiding all around us that our eyes simply cannot detect?

Some scientists believe discoveries like this could help reveal the true nature of dark matter—the mysterious substance that makes up most of the matter in the universe but has never been directly observed.

🌠 Think about that for a moment.

Everything you've ever seen in the night sky might be only a tiny fraction of what actually exists.

The universe could be filled with hidden worlds, invisible galaxies, and cosmic giants we've never noticed.

What do you think is more frightening?

👁️ A galaxy with no stars?
🌌 Invisible matter controlling the universe?
🚀 Or the possibility that we have discovered only a tiny piece of reality?

Comment your answer below and follow Universe Impact for more discoveries that challenge everything we think we know about the cosmos.",0,"09/01/2026 02:53",https://www.facebook.com/permalink.php?story_fbid=pfbid0MsDv2D789H2fWtaw9HqFi1ahr5LyJ3LwY3nTT6e8YmPDPZrv4surEBv4M5peTwUcl&id=61590664855715,Photo,,Lifetime,,5,--,0,0,135,9,1,3,0,1,,134,236
122130052503355495,61590664855715,"Universe impact","What if the Big Bang was not the beginning of everything — but the inside of a black hole in a larger cosmos? 🌌

Black-hole cosmology is a real family of speculative ideas, but it is not established science. The exciting part is not pretending we have the answer; it is asking what evidence would make the idea testable.

What cosmic fingerprint would convince you: a pattern in the CMB, primordial gravitational waves, or something no one has imagined yet?

Follow Universe Impact for big cosmic questions — wonder first, evidence always.

#UniverseImpact #Space #Astronomy #BlackHole #BigBang #Cosmology #Science #JWST #CosmicMystery",81,"08/31/2026 13:19",https://www.facebook.com/reel/1992833061421384/,Reel,,Lifetime,21.459,0,-1.1x,0,0,2832,37,14,30,5,2,59529.258,2688,3002
122130012495355495,61590664855715,"Universe impact","🚨 NASA DOESN'T KNOW WHAT THIS IS.

Curiosity just rolled into a valley on Mars… and the ground turned into MILLIONS of identical honeycombs.

Every single cell: about 5 centimeters wide. Perfect hexagons. Stretching in every direction — to the horizon. Even climbing the sides of a 20-foot sand-capped butte.

It looks like something carved a giant honeycomb into another planet.

And here's the mind-blowing part: NASA's own project scientist said this ""sea of polygons took our breath away."" They've measured it. They've tested the chemistry. And they STILL can't say which of two stories is true:

💧 Story #1 — This valley was once soaked in water. The mud dried and cracked into these shapes. If that's true… Mars was wet here, recently enough that the cracks are still sharp.

❄️ Story #2 — Something colder. Repeated freezing and thawing, cycle after cycle, cracking the ground apart. No water at all.

A sea of honeycombs. A mystery the size of a planet. And the answer is still out there.

👇 Which theory do YOU think it is — ancient water, or something stranger? Tell me in the comments.

🔔 Follow Universe Impact — we'll bring you the answer the moment NASA finds it.
📲 Share this with someone who needs their mind blown today.

📷 Imagery: NASA/JPL-Caltech/MSSS (public domain)
🌍 Earth mud-crack comparison (Death Valley): Wikimedia Commons, CC BY-SA 3.0 — photo by Brocken Inaglory

#Mars #Curiosity #NASA #HoneycombsOnMars #SpaceMystery #MarsRover #ValleGrande #Astronomy #Space #UniverseImpact #ScienceFacts #MindBlown",88,"08/31/2026 10:00",https://www.facebook.com/reel/1388383010090496/,Reel,,Lifetime,16.335,0,-4.2x,0,0,786,8,1,8,0,0,12529.043,756,800
122129835741355495,61590664855715,"Universe impact","🌍 There are TWO mountains inside Earth — each 100× taller than Everest — and nobody knows what they are.

Buried nearly 3,000 kilometers beneath your feet, scientists have detected two colossal structures hidden deep inside our planet. We've never seen them. We found them because earthquakes slow down when they pass through.

One rises beneath Africa. The other lurks under the Pacific Ocean. Each stands roughly 1,000 kilometers tall — wide as a continent. Scientists call them low-shear-velocity provinces. Getting to them is harder than reaching space.

So what are they? 🌊 One idea: graveyards of ancient ocean floors, dragged down over billions of years. 🌑 A far stranger possibility: pieces of Theia — the lost planet that crashed into Earth and created our Moon. If that's true, the oldest material in the solar system has been hiding beneath your feet all along.

What do YOU think is buried down there? Drop your theory below 👇

🔔 Follow Universe Impact for more hidden worlds.

#Earth #Space #Science #Geology #Theia #Moon #UniverseImpact #EarthHiddenWorlds #Astronomy #sciencefacts",60,"08/30/2026 09:00",https://www.facebook.com/reel/1069264332362521/,Reel,,Lifetime,9.138,2,-9x,0,0,1235,7,1,4,0,1,10929.979,1187,1293
122129259459355495,61590664855715,"Universe impact","An asteroid bigger than the Eiffel Tower passes CLOSER than our satellites on April 13, 2029. Two billion people will see it with the naked eye. No telescope. No danger — but no one alive has ever seen anything like it.
📅 Save this date. Watch the sky move.
#apophis #space #nasa #astronomy",88,"08/27/2026 15:31",https://www.facebook.com/reel/2610284212757151/,Reel,,Lifetime,20.647,4,-1.1x,0,0,2733,61,8,49,7,6,55108.057,2662,2982
122129166261355495,61590664855715,"Universe impact","Scientists just proved ""empty"" space isn't empty. 🌌⚡

In 1936, Heisenberg predicted that a strong enough magnetic field could bend
light passing through pure vacuum — because space itself is secretly full of
flickering virtual particles.

90 years later, NASA's IXPE telescope caught it happening for real, around a
magnetar with a magnetic field a trillion times stronger than Earth's.

If ""nothing"" is still something... what else have we been wrong about? 👇

#Space #Physics #QuantumPhysics #NASA #Magnetar #Heisenberg #Astronomy
#MindBlown #Science #universeimpact",99,"08/27/2026 06:04",https://www.facebook.com/reel/2891898011188045/,Reel,,Lifetime,12.897,0,-8.4x,0,0,612,18,5,14,3,1,7596.832,573,627
122128803645355495,61590664855715,"Universe impact","Mars has been hiding a secret for 4 billion years — and a passing spacecraft just exposed it.

Deimos, the quieter of Mars' two moons, looks almost smooth. That calm surface is an illusion: an ancient asteroid strike buried its craters under a blanket of dust hundreds of meters deep — and Deimos itself may be a fragile rubble pile, not solid rock at all.

Is Deimos a broken piece of Mars, or a captured asteroid wearing a disguise? Tell me what you think below. 👇

#Deimos #Mars #Astronomy #Space #SolarSystem #HeraMission #MMX #Asteroid #NASA #ESA

Music: ""Space 1990-B"" by Kevin MacLeod (incompetech.com), CC BY 4.0.
Imagery: NASA/JPL/MRO · ESA (Hera mission) · Raducan et al., Nature Astronomy (CC BY 4.0) · JAXA (Hayabusa2) · NASA Eyes · JAXA MMX render.",89,"08/25/2026 14:33",https://www.facebook.com/reel/1618473729855103/,Reel,,Lifetime,28.406,0,-2x,0,0,1132,24,4,23,2,1,31616.405,1103,1225
122128777725355495,61590664855715,"Universe impact","Mercury may look like a dead, scorched rock—but deep inside, models suggest it could be hiding a diamond-bearing layer roughly 10–18 kilometers thick. 💎

NASA’s MESSENGER mission found graphite on Mercury’s surface, offering clues that the young planet once had a carbon-rich magma ocean. As Mercury’s metal core cooled, excess carbon may have crystallized into diamond and collected near the core–mantle boundary.

Important: this is a scientific model, not a confirmed underground diamond mine. No spacecraft has directly imaged the layer.

Would you mine Mercury? Share your thoughts below and follow @UniverseImpact for more hidden worlds.

Source: Xu et al., Nature Communications (2024)
https://doi.org/10.1038/s41467-024-49305-x

#Mercury #Space #Astronomy #PlanetaryScience #UniverseImpact #Science #NASA #HiddenWorlds",40,"08/25/2026 12:50",https://www.facebook.com/reel/1391642663064618/,Reel,,Lifetime,6.957,0,-1.3x,0,0,1105,18,1,17,0,1,7451.118,1066,1135
122128738149355495,61590664855715,"Universe impact","Scientists thought Mimas was just a dead ball of ice — until its orbit gave away a secret.

That ""Death Star"" moon orbiting Saturn has been hiding a global ocean under 20-30km of ice this whole time. No cracks, no plumes, nothing on the surface ever gave it away — the only clue was a wobble in its orbit that didn't add up.

A dead moon... with a heartbeat. 🌑🌊

Would you explore Mimas? 👇

Follow @UniverseImpact for more hidden worlds like this.

#Mimas #Saturn #DeathStarMoon #Space #Astronomy #HiddenOcean #solarsystem",29,"08/25/2026 08:09",https://www.facebook.com/reel/1384719183751265/,Reel,,Lifetime,12.512,0,-0.7x,0,0,882,18,4,17,0,2,10660.57,860,982
122128627569355495,61590664855715,"Universe impact","Astronomers just found something that's never been seen before — three supermassive black holes, all actively feeding, inside a single galaxy. 🕳️🕳️🕳️

The galaxy, J0148-4214, is so far away that its light has been traveling for 12.5 billion years — we're seeing it as it looked just 1.2 billion years after the Big Bang. Two of the black holes sit only 620 light-years apart and are expected to merge within a few hundred million years. The third lurks 5,500 light-years out on the galaxy's edge.

Unlike the quiet black holes we see in nearby galaxies today, all three of these are actively devouring matter at once — a snapshot of a young, violent universe still building its biggest monsters.

Scientists say this is strong evidence that black hole mergers were a major engine of growth in the early cosmos — and a preview of the kind of collisions future gravitational wave observatories are built to catch.

Follow Universe Impact for more of the universe's best-kept secrets. 🌌

#SupermassiveBlackHole #JWST #Astronomy #Space #BlackHoles #UniverseImpact #Cosmology #SpaceFacts #EarlyUniverse #galaxy",0,"08/25/2026 00:28",https://www.facebook.com/permalink.php?story_fbid=pfbid02EYqBYBffE9ziPxQM5PTaMyWp2Bn8as1mhUxATtBx1KTQZW3fZSbdMX7agB5vchLUl&id=61590664855715,Photo,,Lifetime,,0,--,0,0,88,1,0,0,0,1,,85,155
122128533867355495,61590664855715,"Universe impact","Did you know Earth may contain an ocean-sized amount of water deep beneath its surface? 🌎💧

But here's the surprising part: it isn't a giant underground sea. Much of this water may be locked inside minerals deep within Earth's mantle.

A discovery involving ringwoodite and a tiny clue from a diamond has helped scientists understand Earth's hidden water cycle. And what lies deep beneath our feet may be far stranger than we imagined. 🤯

Earth still has secrets we haven't uncovered.

Follow Universe Impact for more mind-blowing discoveries about our planet, space, and the universe. 🌌

#Earth #Science #Space #Universe #ScienceFacts #EarthFacts #Geology #Ringwoodite #DidYouKnow #ScienceReels #UniverseImpact #AmazingFacts #Facts #Nature #Discovery",54,"08/24/2026 12:26",https://www.facebook.com/reel/1042730268736429/,Reel,,Lifetime,13.462,0,-0.6x,0,0,1023,8,2,8,0,0,13556.3,983,1109
122128464261355495,61590664855715,"Universe impact","Two miles beneath the ice of Antarctica lies a world that hasn't seen sunlight in millions of years. 🧊👇

Using satellite data, radar, and airborne surveys, scientists have mapped vast mountain ranges, ancient river valleys, and subglacial terrain buried deep beneath the frozen continent. What lies underneath this ice doesn't just reveal Earth's distant past—it controls how the ice sheet moves today.

Follow Universe Impact for more discoveries hidden across our planet and the cosmos. 🌌

Hashtags:
#Antarctica #EarthScience #Geology #UniverseImpact #ScienceDiscoveries #HiddenWorlds #Reels #SpaceAndScience #NatureExplorationAdventure",56,"08/24/2026 06:09",https://www.facebook.com/reel/1057608067129629/,Reel,,Lifetime,17.763,2,-0.8x,0,0,10780,173,71,161,12,3,186608.64,10343,12113
122128407531355495,61590664855715,"Universe impact","Is our entire universe just a projection? 🌌

Physicists studying black holes stumbled onto something that challenges everything we think we know about reality — the idea that the 3D universe we observe might actually be information encoded on a 2D surface, like a hologram.

It sounds like science fiction. It isn't.

🤔 If it turned out to be true, would that change how you see... everything?

Follow Universe Impact for more mind-bending science, daily. 🔭✨

#Universe #BlackHole #Physics #Space #Science #Cosmos #Astronomy #HolographicPrinciple #MindBlown #SpaceFacts",93,"08/24/2026 01:57",https://www.facebook.com/reel/1087151807384608/,Reel,,Lifetime,18.526,2,-2.2x,0,0,2595,48,16,44,3,0,46502.495,2447,2681
122128240341355495,61590664855715,"Universe impact","A star gets torn open by a black hole... and doesn't die. It comes back, months or years later, and gets torn open again. Astronomers have now found about 10 of these systems — and in some of them, the flash of light gets dimmer every single time. New research says the answer is written into the star itself: it was already spinning incredibly fast before it ever got captured, likely flung into this deadly orbit when a binary star pair got ripped apart by the black hole's gravity. One star was thrown into space forever. The other has been coming back for more ever since. 🕳️ Source: Bandopadhyay et al., Astrophysical Journal, 2026 (Syracuse University).",0,"08/23/2026 05:45",https://www.facebook.com/permalink.php?story_fbid=pfbid02HeovQBUFBUWsFNqrgtrVVmBDj6Me13UWtdpkW49Gnxp4x294jSAiYknttuSADeNBl&id=61590664855715,Photo,,Lifetime,,0,--,0,0,113,2,0,1,0,1,,108,195
122128213881355495,61590664855715,"Universe impact","Astronomers just found out the early universe was hiding a secret in plain sight. For years, JWST kept spotting galaxies that seemed impossibly massive for how young they were. Now we know why — they're packed with billions of faint, ordinary stars nobody could see until now. Some of these galaxies may be up to 4x heavier than we thought. And since small stars often host planets, this hints the early universe may have had far more planets than anyone assumed. 🌌 Source: Cheng et al., Nature Astronomy, Aug 2026.",0,"08/23/2026 03:20",https://www.facebook.com/permalink.php?story_fbid=pfbid0KZ7WW6enGHgcNCQv8PeJVC1dbuyoDs6puamBoiiNDhGF6R9WThy6YtaR6b16TqD6l&id=61590664855715,Photo,,Lifetime,,0,--,0,0,112,2,0,1,0,1,,107,185
122127757371355495,61590664855715,"Universe impact","There's a structure the size of a small continent buried under two miles of Antarctic ice — and it's shaped like an open hand.

Scientists combined decades of radar, gravity, magnetic and seismic data to rebuild the most hidden landscape on Earth. Thirty giant basins radiate from a single point near the South Pole — the East Antarctic Fan-Shaped Basin Province — including the basin holding Lake Vostok, the largest subglacial lake on Earth.

The shape tells a story from before Gondwana broke apart, a slow rotational twist so wide it may have helped tear Antarctica and Australia apart. And this buried hand is still steering how fast Antarctica's ice can flow today.

What else is hiding under the ice we've never looked at?

Watch the full story → and follow Universe Impact for more. 🧊🌍

Sources: NASA SVS · NASA Operation IceBridge · Armadillo et al., Nature Geoscience 2026

#Antarctica #HiddenUnderIce #Subglacial #ScienceExplained #EarthScience #LakeVostok #NASA #Geology #Space #sciencefacts",90,"08/21/2026 04:25",https://www.facebook.com/reel/1956880948355678/,Reel,,Lifetime,24.539,5,+1.4x,0,0,7212,146,42,128,12,7,172877.379,7042,7712
122127420549355495,61590664855715,"Universe impact","Something enormous may be hiding inside Earth — 2,900 km below your feet.

Two continent-sized structures sit at the core-mantle boundary. Seismologists can see them with seismic waves. And their origin story may be written in the Moon: 4.5 billion years ago, a world called Theia may have collided with Earth — and some of it may still be here.

Are these buried masses pieces of Theia? Or something else? Science doesn't know yet — and that's exactly what makes it exciting.

Watch the full story → and follow for more space mysteries. 🚀🌍

Sources: NASA · Yuan et al., Nature 2023 (CALTECH)

#Theia #MoonFormation #EarthScience #SpaceMysteries #GiantImpact #ScienceExplained #Geology #Astrophysics #NASA #Earth #SpaceExploration",65,"08/19/2026 14:49",https://www.facebook.com/reel/1029790516356056/,Reel,,Lifetime,14.282,0,-3.8x,0,0,1528,13,3,12,1,0,21323.96,1440,1599
122126839437355495,61590664855715,"Universe impact","Saturn's moon Mimas looks frozen and dead — the Death Star of our solar system. But hidden 20 to 30 kilometers beneath its cratered crust is a liquid ocean younger than the Himalayas.

For years, scientists assumed Mimas was a solid block of ice. Then researchers re-analyzed NASA Cassini data and found a subtle wobble in its orbit that only a liquid ocean could explain. The surface told everyone to expect nothing — ancient craters everywhere, including the massive Herschel Crater. But the wobble changed everything: the only way to match Cassini's measurements is a global ocean, hidden 20 to 30 kilometers beneath the ice.

And here's the mind-blowing part: this ocean shouldn't exist. Mimas is barely 400 kilometers wide, and it lacks the cracked surface of ocean worlds like Enceladus. Yet thermal models show this ocean is less than 25 million years old. Earth's oceans are billions of years old. Mimas's ocean is practically brand new.

The cause? Tidal forces from Saturn, squeezing Mimas from within — heating its core and keeping that ocean liquid. A fresh, evolving ocean like this is a prime place to study prebiotic chemistry — the chemistry that comes before life.

If a dead-looking moon can hide a brand-new ocean, how many other frozen worlds are hiding secrets? Could Mimas's ocean ever hold life? Comment below.

## Hashtags
#Mimas #Saturn #Space #NASA #Cassini #OceanWorlds #Astrobiology #HiddenOcean #universeimpact",97,"08/17/2026 16:09",https://www.facebook.com/reel/1279687041888868/,Reel,,Lifetime,25.414,5,-0.3x,0,0,4245,173,25,163,7,3,104962.728,4146,4499
122126807433355495,61590664855715,"Universe impact","Europa might be hiding alien life in its ocean. We just found out reaching it may be nearly impossible.

Beneath Europa's frozen shell hides a global ocean of salty liquid water, kept liquid by Jupiter's tidal squeeze. Scientists hoped shallow water pockets near the surface were a shortcut — direct windows into the deep ocean. The idea: dikes, narrow fractures in the ice, acting like straws from the deep ocean to the surface.

New simulations from Rutgers show the ice shell is a far stronger barrier than assumed. Liquid from the deep rarely, if ever, reaches those shallow reservoirs — and if shallow pools exist, they're likely cut off from the ocean itself. The easy path to testing for habitability may not exist.

NASA's Europa Clipper is in flight with 49 planned close flybys starting ~2030, and ESA's JUICE arrives at Jupiter in July 2031. Together, they'll be the real test of what's actually down there.

Will we ever sample Europa's ocean? Comment below.

#Europa #Jupiter #Space #NASA #ESA #EuropaClipper #JUICE #Astrobiology #OceanWorlds #universeimpact",90,"08/17/2026 14:01",https://www.facebook.com/reel/1579067490556346/,Reel,,Lifetime,16.391,0,-2.9x,0,0,1821,37,1,39,0,0,29045.975,1760,1894
122126806959355495,61590664855715,"Universe impact","Venus was supposed to be dead inside — but new data says it's still tearing itself apart.

New high-resolution 3D simulations from ETH Zurich reveal Venus's largest rift valleys are geologically young. Dali, Ganis, and Devana Chasma may still be widening at 3–10 cm a year. One rift system stretches nearly 10,000 km with walls up to 4.8 km high — dwarfing Earth's Grand Canyon.

Heat flow near Dali Chasma reaches ~180 mW/m². Magellan radar from the 1990s captured a volcanic vent near Maat Mons that visibly changed in just 8 months. ESA's EnVision orbiter will test the model directly.

Is Venus alive right now? Comment below.

## Hashtags
#Venus #Space #Astronomy #NASA #ESA #EnVision #Geology #Planets #Science #UniverseImpact",91,"08/17/2026 11:59",https://www.facebook.com/reel/2847653835600720/,Reel,,Lifetime,18.049,0,-1.7x,0,0,3117,48,8,49,2,0,55178.527,3085,3249
122126793261355495,61590664855715,"Universe impact","The Moon has been hiding water for billions of years — and we just figured out how to listen for it without drilling a single hole.

New research shows moonquakes can map water ice buried up to 800 meters beneath the lunar south pole. Ice-rich soil carries seismic waves 2–3x faster than dry rock, so a single moonquake reveals exactly where the ice is hiding.

This matters more than ever: NASA's Artemis program lands astronauts near the south pole in 2028, and China's Chang'e-7 is launching as early as this month — carrying a seismometer straight to Shackleton Crater, the exact spot the model says the ice should be.

- How seismometers turn moonquakes into an ice map
- Why buried ice is the key to Artemis survival
- The Chang'e-7 mission racing to confirm it
- The wild twist: this ice may explain Earth's own oceans

What do you think we'll find under the south pole? Drop your theory in the comments, and follow @universe.impact for the next discovery.

## Hashtags
#moon #moonquakes #lunarice #artemis #nasa #chang7 #space #science #astronomy #universeimpact",90,"08/17/2026 10:33",https://www.facebook.com/reel/1753738042321401/,Reel,,Lifetime,9.116,0,-16.3x,0,0,570,14,1,15,1,0,5005.071,544,569
122126718009355495,61590664855715,"Universe impact","Astronomers watched a black hole tear a star apart with more energy than any explosion ever recorded. Then — months later — something in the wreckage was still moving.

This is AT2024wpp, nicknamed ""the Whippet"": a star roughly 400 billion times brighter than the Sun at peak, destroyed in a tidal disruption event. The shockwave raced outward at one-fifth the speed of light.

But months after the star should have been completely gone, telescopes caught fast-moving helium in the wreckage — something survived the black hole.

- What a tidal disruption event actually looks like
- Why ""the Whippet"" outshone entire galaxies
- How a star can survive being shredded
- What the fast helium means

What do YOU think survived inside that wreckage? Drop your theory in the comments, and follow @universe.impact for the next discovery.

## Hashtags
#blackhole #tidaldisruption #space #astronomy #thewhippet #nasa #universe #science #spacenews #mindblowing #universeimpact

## Chapters
- 00:00 The Event
- 00:07 400 Billion Times the Sun
- 00:15 The Whippet
- 00:22 Shredded Into a Disk
- 00:30 The Shockwave
- 00:40 A Tidal Disruption Event
- 00:50 Fast Helium: The Mystery
- 01:00 Did Something Survive?
- 01:08 Pulling Back Through Debris
- 01:18 The Question + Follow

## Pinned Comment
What do you think survived inside that wreckage? Drop your theory below. 🚀",84,"08/17/2026 03:50",https://www.facebook.com/reel/1038434085638780/,Reel,,Lifetime,25.328,5,-0.8x,0,0,2801,78,18,72,1,2,70514.204,2791,3086
122126504943355495,61590664855715,"Universe impact","Millions of people genuinely believed Earth would lose gravity for 7 seconds on August 12, 2026.

The hoax — ""Project Anchor"" — claimed NASA had a secret $89 billion program and that up to 40 million people could die when gravity switched off and slammed back on. It spread across TikTok, Instagram, Facebook, Reddit, and X for months. Real outlets covered it. NASA issued a statement.

Here's what was actually real:
- A total solar eclipse WAS visible across parts of Europe on that date ✅
- Gravity does NOT come from the sky — it comes from Earth's own mass ✅
- An eclipse does not touch gravity — the Sun and Moon create tides, measured for centuries ✅
- Nothing happened on August 12, because nothing could happen ✅

The real story is media literacy: a specific date, a scary number, and a fake secret document convinced millions.

## Hashtags
#gravity #eclipse #science #astronomy #conspiracy #deabunked #mediaLiteracy #nasa #spacefacts #projectanchor #solareclipse #mythbusting #sciencefacts #stem #learnontiktok",82,"08/16/2026 05:20",https://www.facebook.com/reel/1106333802059911/,Reel,,Lifetime,22.369,4,-4.2x,0,0,485,23,3,19,1,0,17604.804,775,900
122126379693355495,61590664855715,"Universe impact","Astronomers just released the biggest map of the universe ever made. Four billion
objects across three-quarters of the entire sky. Five point six trillion pixels.
Thirteen years of data, 263,000 telescope exposures, stitched into a single image.
And the map is completely free — you can open it right now and zoom into your own
patch of the sky, deeper than any human before you.

But buried inside it is a clue that could rewrite everything we think we know about
the universe. For years, astronomers believed dark energy was a constant — a fixed
force pushing the universe apart forever. DESI's early results suggest it's not.
The force that rules the cosmos may be weakening over time. If that's real, it
breaks the standard model of cosmology. And the fate of every star, every galaxy,
every possible future, depends on what dark energy does next.

Is dark energy fading? Growing? Or could it one day pull the universe back
together? Science doesn't have the answer yet — but for the first time, we have
the map to find out.

Explore the map yourself: viewer.legacysurvey.org

## Chapters
- 00:00 The impossible map
- 00:17 13 years · 263,000 exposures
- 00:37 The cosmic web
- 00:53 The dark energy clue
- 01:12 The standard model
- 01:28 The open question
- 01:46 Follow Universe Impact

## Hashtags
#darkenergy #desi #cosmology #universe #astronomy #space #science #jwst #cosmicweb #biggestmap #milkyway #UniverseMap",93,"08/15/2026 15:24",https://www.facebook.com/reel/920565677194775/,Reel,,Lifetime,23.399,10,+1.4x,0,0,6271,251,38,240,20,9,141962.939,6050,6613
122126280531355495,61590664855715,"Universe impact","Astronomers just found the first of a brand-new kind of object. Published this week in Nature, a black hole roughly 100,000 times the mass of the Sun is wrapped in a dense cocoon of gas the size of our solar system. It shines like a star — but it is powered by a black hole, not fusion. A hundred billion times brighter than any star that ever burned, it explains the mysterious ""little red dots"" that have puzzled scientists for years — and it may show how every giant black hole in the universe, including the one at the center of our Milky Way, was born.

This is the story of the most surprising discovery of the week.

## Chapters
- 00:00 NASA found an object that shouldn't exist
- 00:08 Little red dots — the mystery
- 00:19 The deepest Balmer break ever seen
- 00:30 A black hole star
- 00:44 Star vs black hole star
- 00:58 The seed of every giant black hole
- 01:12 Follow Universe Impact

## Hashtags
#blackholestar #jameswebb #jwst #astronomy #space #nasa #nature #astrophysics #cosmicdawn #blackhole #reddots #universe",80,"08/15/2026 06:26",https://www.facebook.com/reel/1096224836071989/,Reel,,Lifetime,28.844,12,+3.8x,0,0,18182,703,201,626,47,38,514212.251,17306,20513
122126153787355495,61590664855715,"Universe impact","1,600 miles beneath our feet lies one of Earth’s greatest secrets: a giant structure 100× taller than Mount Everest.

Geologists call it an LLSVP—a massive, continent-sized ""blob"" sitting right on top of Earth's core. But while its Pacific twin stays grounded, the African blob is strangely light, unstable, and slowly churning upward.

New simulations from Arizona State University suggest this deep mantle monster is reshaping the continent above—pushing up East Africa and altering Earth's gravity field.

Is it the buried graveyard of ancient ocean floors? Or leftover pieces of Theia—the ancient planet that hit Earth 4.5 billion years ago?

Drop your theory in the comments! 👇

00:00 - Deep underground anomaly
00:08 - The Pacific vs. African blobs
00:21 - Why the African structure is unique
00:35 - How it affects the surface today
00:48 - The planet-collision theory
01:00 - Comment your thoughts

#earthscience #geology #mystery #discovery #theia #space #science #shorts",74,"08/14/2026 15:17",https://www.facebook.com/reel/1587471263093794/,Reel,,Lifetime,23.521,1,-1.3x,0,0,5345,88,15,79,7,4,123063.275,5152,5792
122126134173355495,61590664855715,"Universe impact","> There's a dog buried on Mars. And it's one of twenty impossible objects hiding under the planet.
>
> Scientists mapped Mars' gravity and found mass that should not be there: 20 dense structures under the northern plains, hundreds of kg/m³ denser than everything around them. No craters. No volcanoes. Nothing on the surface explains them.
>
> One is shaped exactly like a dog.
>
> They could be the crushed seabed of an ancient ocean. Or volcanic plumbing from a planet still alive inside.
>
> What do you think is buried under Mars? 👇
>
> 00:00 A dog buried on Mars
> 00:04 One is shaped exactly like a dog
> 00:09 The 20 impossible objects
> 00:19 How it was discovered
> 00:28 What they could be
> 00:41 Comment your theory
>
> #mars #astronomy #space #nasa #science #hidden #discovery #shorts",53,"08/14/2026 13:31",https://www.facebook.com/reel/2023391824982931/,Reel,,Lifetime,12.725,0,-0.4x,0,0,1709,25,1,24,2,0,21379.404,1677,1833
122125886937355495,61590664855715,"Universe impact","Yesterday, the Moon swallowed the Sun. ☀️🌑

In the middle of the day, a perfect black disk slid across the sky and blotted out our star — for two minutes, a billion people stood under the shadow of the Moon.

Here's what breaks your brain: the Sun is 400 times bigger than the Moon. But it's also 400 times farther away. So from Earth, they appear EXACTLY the same size — the only coincidence like this anywhere in the solar system.

When the Moon lined up perfectly, it fit the Sun like a lid. The corona blazed around it. Temperatures dropped. Birds fell silent. Then came the diamond ring — and daylight returned.

15 million people in Spain, plus millions in Iceland and Greenland, saw day turn to night. 🌍

The next total eclipse is Aug 2, 2027 — and it lasts over 6 minutes. This one was just a warm-up.

Comment below: did you see it? 👇

#solareclipse #eclipse2026 #totaleclipse #space #astronomy #universe #sun #moon #science #mindblown #viralreelschallenge",72,"08/13/2026 12:38",https://www.facebook.com/reel/2037999633589180/,Reel,,Lifetime,11.142,0,-5.8x,0,0,1124,21,1,18,2,1,12357.167,1095,1186
122125848027355495,61590664855715,"Universe impact","EARTH HAS A SECOND MOON 🌍🌙

Earth has a second moon. Smaller than a football field — spinning once every 28 minutes. And right now, a spacecraft is moving in to touch it.

It's called Kamo'oalewa — a quasi-moon that has followed our planet for centuries, looping ahead of us then trailing behind. For years, scientists couldn't agree on what it was. Then 2026 changed everything.

🔭 2016: Discovered by Pan-STARRS, Hawaii — one of only 7 known quasi-moons
🌑 2021: Its reddish surface looked exactly like lunar rock — a piece of the Moon?
🔭 2026: JWST rewrote it — the spectrum does NOT match lunar soil. It looks like a rare E-type asteroid.

Two origin stories are locked in battle:
1️⃣ A chunk of the Moon blasted off by the impact that carved the young Giordano Bruno crater on the far side
2️⃣ A refugee from the asteroid belt, weathered by billions of years in space

🚀 China's Tianwen-2 flew a billion kilometers to find out. It reached Kamo'oalewa in July 2026 — and it's orbiting it right now. Next year it grabs a sample and brings it home.

If the rock matches the Moon — the Moon threw it at us.
If not — we're holding something older than Earth.

The answer lands in November 2027.

So… is it a lost piece of the Moon, or an asteroid older than our planet? Comment your theory below ⬇️

─────────
SOURCES & CREDITS
─────────
🌍 Earth imagery — NASA (Blue Marble) · public domain
🌙 Moon far side — NASA · public domain
☄️ Asteroid close-ups — NASA OSIRIS-REx/Bennu · public domain
🚀 Mission facts — CNSA Tianwen-2 via SpaceNews / Sky & Telescope / Scientific American (2026)
🎵 Music — licensed royalty-free

Science refs: arXiv:2606.24017 (JWST NIRSpec, Feb 2026) · Nature Communications 2026 (LL-chondrite origin) · Astronomy & Astrophysics 2026 (Fenucci et al.)

#SecondMoon #Kamoʻoalewa #QuasiMoon #Tianwen2 #JWST #SpaceX #NASA #Asteroid #SpaceNews #MoonMystery  #UniverseImpact #astronomy #solarsystem  #chinaspace",91,"08/13/2026 09:06",https://www.facebook.com/reel/1051999797816991/,Reel,,Lifetime,22.305,1,-1.6x,0,0,3397,97,16,88,6,3,82730.53,3456,4081
122125664085355495,61590664855715,"Universe impact","THE SUN HAS HIDDEN WHIRLPOOLS

The sun has been hiding whirlpools smaller than a city — for the first time ever, we just saw them. And they could crack the oldest mystery in solar physics: why the corona is a million degrees when the surface is only five and a half thousand.

Using the Daniel K. Inouye Solar Telescope (4-m DKIST) in Hawaii, astronomers caught dozens of vortex-like structures churning through the solar surface — the first observational confirmation of Kelvin-Helmholtz instabilities in the photosphere.

🌀 47 vortex-bearing interfaces in a single frame
🌀 Vortices 25–170 km wide, some doubling in size in under a minute
🌀 Racing across the surface at up to 3 km/s
🌀 Plasma swirling and twisting the sun's magnetic fields

That twisted magnetic energy can snap — producing solar flares and coronal mass ejections that threaten power grids, satellites, and GPS. And it may be feeding the corona its missing million degrees.

Are these whirlpools the engine behind the sun's greatest mystery? Or is something even stranger hiding underneath? Comment your theory below.

─────────
SOURCES & CREDITS
─────────
🔭 NSO/DKIST photosphere imagery & telescope photo — NSF/NSO/AURA/MPS
🧲 MuRAM numerical simulations — NSF/NSO/AURA/HAO
☀️ Corona timelapse — NASA/SDO (public domain)
🎵 Music — licensed royalty-free

Paper: ""Ubiquitous Kelvin–Helmholtz Instabilities Driving Plasma Mixing on the Sun"", Nature 2026
More: NSF National Solar Observatory — nso.edu / an effort of NSF

#Sun #SolarPhysics #Whirlpools #KelvinHelmholtz #DKIST #NSO #Astronomy #Space #Corona #Sunstorms #Science #universeimpact",94,"08/12/2026 15:16",https://www.facebook.com/reel/2958651524486605/,Reel,,Lifetime,13.547,0,-1.4x,0,0,4452,71,8,64,4,5,59011.756,4279,4716
122125422945355495,61590664855715,"Universe impact","Pluto was supposed to be dead. A frozen rock at the edge of the solar
system. The textbooks said so.

Then NASA looked at its heart — and found liquid, still flowing.

Sputnik Planitia is a nitrogen glacier bigger than Texas and Oklahoma
combined. In those New Horizons images, scientists found dark lanes
carved across the ice — almost exactly like Earth glaciers that have
been wetted by liquid from below.

And on Pluto, it can't be rain. It's far too cold.

The only answer: the liquid is coming from inside. Pluto's internal
heat slowly warms the nitrogen ice, warm ice rises and sinks again —
a giant cosmic lava lamp, churning for billions of years. Those
churning cells are less than a million years old. Geologically,
that's yesterday. Pluto isn't a static relic. Its surface is being
renewed, right now.

And if liquid nitrogen is still rising today, Pluto's interior is
warmer than we thought. A warm interior — on a world with a hidden
ocean below the ice — changes what we think is possible.

So… is Pluto dead, or is it waking up?
👉 Comment your theory below.

─────────────────
SOURCES (NASA public domain, no attribution required):
• All visuals: NASA Scientific Visualization Studio
  (svs.gsfc.nasa.gov) — SVS 12080, 30612, 30806, 11952
• New Horizons imagery & research — NASA/JHUAPL/SwRI
• Research: recent-flow findings, The Planetary Science Journal 2026
• BGM: licensed free-use stock

#Pluto #NASA #NewHorizons #Space #DwarfPlanet #LiquidNitrogen
#ScienceFacts #Astronomy #SputnikPlanitia #universeimpact",109,"08/11/2026 12:12",https://www.facebook.com/reel/2424255508111578/,Reel,,Lifetime,30.099,2,+0.8x,0,0,6016,283,49,269,6,9,174845.714,5954,6435
122125344453355495,61590664855715,"Universe impact","Mars was supposed to be dead. A frozen desert. A cold, empty planet.

Then NASA's InSight lander listened to the ground — and recorded over
1,300 marsquakes from a single station on a world with no tectonic
plates. The shaking wasn't the surface. It was something deeper.

Shockwave data revealed a reservoir of liquid water buried roughly
10–20 km beneath the Martian crust. Not a few puddles — enough to
cover the whole planet in a two-kilometre ocean. And InSight's
measurements of the interior show the core is still molten, still
churning. Mars is not a corpse. It has a warm engine running
underneath everything we see.

Three and a half billion years ago this world had rivers, lakes, and
a northern ocean. The surface died. But below, the water may still
be there — shielded, warm, waiting.

Perseverance is caching samples for Earth right now. The first
pieces of Mars are coming home.

So… what do you think is under the ice?
👉 Comment your theory below.

─────────────────
SOURCES (public domain, no attribution required):
• InSight mission imagery & seismic data — NASA/JPL-Caltech
• Buried water reservoir research — Wright et al., PNAS 2024
• Mars core structure findings — NASA InSight, 2023
• All visuals: NASA Image & Video Library / NASA Scientific
  Visualization Studio (svs.gsfc.nasa.gov), public domain
• BGM: licensed free-use stock

#Mars #NASA #Space #InSight #Perseverance #MarsQuake #HiddenOcean
#ScienceFacts #astronomy #universeimpact",110,"08/11/2026 04:12",https://www.facebook.com/reel/1545086040080967/,Reel,,Lifetime,33.411,4,+1.7x,0,0,8755,499,86,465,23,24,295257.787,8714,9916
122125205481355495,61590664855715,"Universe impact","TWO PHOTOS. TWENTY-THREE YEARS APART. AND SOMETHING MOVED. 🪐🔭

In 1983, an infrared satellite named IRAS photographed the sky. In 2006, AKARI photographed it again. Inside both images — the same faint glow. And it had SHIFTED.

This could be the closest we've ever come to a hidden planet.

The hunt started inside 2,000,000 infrared sources. Moving objects were subtracted out, one by one. Down to 13 pairs. Down to ONE. A single dot of heat, 500–700 times farther from the Sun than Earth.

If it's real, it's enormous — possibly heavier than Neptune. Glowing not from sunlight, but from its own internal heat.

Then came the twist. Mike Brown — the Caltech astronomer who predicted Planet Nine — says its orbit is nearly PERPENDICULAR to the solar system. Moving BACKWARD. His verdict: ""One hundred percent NOT Planet Nine."" If it's real — Planet Nine is wrong.

Meanwhile, the clustering that once proved Planet Nine is fading as new objects are added. And one giant — 2017 OF201 — refuses the pattern entirely.

Now the most powerful camera ever built is watching. Vera Rubin. In 10 years it will catalog 37,000 new worlds — 10x everything we've found beyond Neptune. It will either SEE the answer — or close the case for good.

One dot. Two surveys. A secret the solar system has kept for 4.5 billion years.

👇 What do you think is out there — a NEW WORLD, or NOTHING AT ALL?

━━━━━━━━━━━━━━━━━━━━━━
🔔 Follow Universe Impact — we'll report it the moment the data drops.
📌 Save this for when the answer arrives.
━━━━━━━━━━━━━━━━━━━━━━

Sources:
- Phan & Goto, PASA (2025) — IRAS/AKARI Planet Nine candidate search
- Mike Brown (CALTECH) — candidate orbit analysis, ""100% not Planet Nine""
- Siraj et al., ApJ (2026) — declining apsidal clustering (2.7σ→1.9σ)
- Cheng et al., ApJL (2026) — 2017 OF201, 830 AU orbit
- Vera C. Rubin Observatory / LSST — 37,000 TNO projection

#PlanetNine #VeraRubin #PlanetEightHalf #SpaceMystery #Astronomy #IRAS #AKARI #KuiperBelt #SolarSystem #Science #Astrophysics #SpaceDiscovery #HiddenPlanet #UniverseImpact #Caltech #RetrogradeOrbit",113,"08/10/2026 16:05",https://www.facebook.com/reel/1561163552083980/,Reel,,Lifetime,31.91,3,+0.5x,0,0,5580,147,28,139,5,3,174487.579,5429,6003
122125186473355495,61590664855715,"Universe impact","SEVEN STARS ARE DOING SOMETHING THEY SHOULDN'T BE DOING ⚠️

In 2024, Project Hephaistos scanned 5 million stars and found seven that glow in infrared — far more than physics says they should. Dust? Debris disks? Background galaxies? All ruled out.

Then the James Webb Space Telescope pointed straight at the two most promising candidates.

Are these real Dyson spheres — megastructures built by an advanced civilization to capture a star's entire energy output? Or is nature hiding a phenomenon we don't understand yet?

The default answer is always nature first. But in 2026, one new study just mapped exactly where a real Dyson sphere would sit… and it points at stars like these.

Watch till the end. 👇

---

🔔 Follow this page — I uncover space mysteries like this every week.
💬 What do you think: intelligence, or nature? Comment below.
📌 Save this if you're a space nerd.

---

#DysonSphere #JamesWebb #JWST #Astronomy #Space #NASA #SpaceMystery #Science #Universe #Astrophysics #Megastructure #AstronomyLovers #SpaceExploration #ViralScience",93,"08/10/2026 13:25",https://www.facebook.com/reel/1744239360244061/,Reel,,Lifetime,20.915,2,-0.6x,0,0,5572,178,33,169,7,7,114489.156,5540,6026
122124761421355495,61590664855715,"Universe impact","There's a giant object buried beneath the Moon's far side. It's 5 times bigger than the Big Island of Hawaii, hidden 200 kilometers underground. And NASA still can't fully explain it.

In this video:
🌕 How NASA's GRAIL mission mapped the Moon's gravity with two spacecraft
🪨 The South Pole–Aitken basin — the largest crater in the solar system
☄️ The 4-billion-year-old asteroid impact theory
🔴 The mystery: why hasn't this massive object sunk into the core?
🌑 NASA's Artemis missions heading to the south pole to find out

Using real NASA visualization data from GRAIL and the Lunar Reconnaissance Orbiter, this is the strange heart of the Moon — and the mission that's going to uncover what's hiding underneath.

Timestamps:
0:00 The buried anomaly
0:11 GRAIL's gravity mapping mission
0:27 The South Pole–Aitken basin
0:44 The asteroid impact theory
1:00 Why hasn't it sunk?
1:15 Artemis and the future

Sources: NASA GRAIL mission, NASA SVS, LRO data (Geophysical Research Letters)

Hashtags:
#Moon #NASA #Artemis #Space #Science #Astronomy #LunarMystery #SpaceDocumentary #NASAFootage

Tags:
moon anomaly, buried mass moon, GRAIL mission, south pole aitken basin, moon gravity anomaly, lunar science, NASA Artemis, largest crater, space mystery, moon documentary",90,"08/08/2026 12:00",https://www.facebook.com/reel/3629870527214857/,Reel,,Lifetime,39.178,131,+34.5x,0,0,121315,5863,2457,5345,277,234,4689262.732,117530,138031
122124705477355495,61590664855715,"Universe impact","4,000 miles beneath your feet sits a solid ball of iron the size of the Moon, hotter than the surface of the Sun. In 2009, it seemed to stop. In 2024, scientists confirmed it's now spinning in reverse — and in 2025, they discovered it's literally changing shape.

In this video:
🪨 How the inner core was discovered with earthquake ""X-rays""
🌡️ The crushing heat and 3.6 million atm of pressure inside
🔄 The rotation reversal timeline (2009 → 2024 → 2025)
🌀 The hidden 5th layer: the innermost inner core
🌍 A world within a world — and what it means for Earth

This is the strange heart of our planet, and it's doing things scientists never predicted.

Sources: Nature (2024), Nature Geoscience (2025), Nature Communications (2023)

Tags:
inner core, earth core, earth core stopped spinning, inner core spinning reverse, seismic waves, innermost inner core, earth science, nature, usc study, 2025 discovery, planet earth, science explained, universe impact

Hashtags:
#InnerCore #EarthScience #ScienceNews #Geology #Space #universeimpact",110,"08/08/2026 06:49",https://www.facebook.com/reel/987057461049130/,Reel,,Lifetime,29.349,5,-0.2x,0,0,4240,118,30,105,6,6,122620.919,4220,4611
122124589263355495,61590664855715,"Universe impact","A SpaceX rocket just crashed into the Moon 🌙💥

On August 5, 2026, a 4-ton Falcon 9 upper stage hit the lunar surface at 2,400 km/h near Einstein Crater — and nobody on Earth saw it happen.

It was an accident. The empty rocket stage had been drifting in space for 18 months after carrying Firefly's Blue Ghost and Japan's Hakuto-R landers to the Moon. Astronomers flagged its path using public tracking data, NASA confirmed 100% impact — but by then it was too late.

The impact was roughly 3 tonnes of TNT, carving an 18-metre crater and throwing a dust plume tens of kilometres high. Chile's Very Large Telescope caught sodium and lithium gas in the aftermath, and Korea's Danuri orbiter documented the site before and after.

This is only the second accidental rocket impact in history. And as Artemis prepares to build on the Moon — space debris just found a new target. How many more are out there?

📸 NASA · KASA-Danuri · ESO/VLT
🔭 Follow Universe Impact for more.",98,"08/07/2026 16:27",https://www.facebook.com/reel/4608830989398436/,Reel,,Lifetime,30.88,3,+1.3x,0,0,9090,321,95,307,9,9,277461.634,9083,10652
122124441651355495,61590664855715,"Universe impact","Betelgeuse Isn't Alone — And It Just Rewrote the Countdown to the Next Naked-Eye Supernova

One of the brightest stars in your night sky has been hiding a secret for over 100 years. And in July 2026, astronomers finally caught it on camera.

---

TIMESTAMPS

0:00 — The hidden secret of Orion's shoulder star
0:12 — A century of suspicion, decades of unexplained dimming
0:24 — The 2019 ""Great Dimming"" scare
0:37 — December 2024: the observation nobody thought would work
0:57 — Betelgeuse B revealed — heavier than anyone predicted
1:15 — What this means for the coming supernova
1:32 — The final confirmation test: November 2027

---

WHAT IS BETELGEUSE?

Betelgeuse (Alpha Orionis) is a red supergiant star marking the left shoulder of the constellation Orion. It's one of the largest and most luminous stars visible to the naked eye — with a radius roughly 1,400 times that of our Sun. If placed at the center of our solar system, its surface would extend past the orbit of Jupiter.

At approximately 8 million years old, Betelgeuse is young by stellar standards but has already exhausted its hydrogen fuel. It is now in the final stages of its life cycle and is expected to explode as a Type II supernova within roughly the next 100,000 years.

---

VERIFIED FACTS

• Star type: Red supergiant (spectral type M1-2 Ia-Iab)
• Age: ~8 million years old
• Radius: ~1,400× the Sun's
• Luminosity: ~100,000× the Sun's
• Distance: ~650 light-years from Earth (in the Milky Way)
• Location: Constellation Orion, left shoulder
• Expected supernova: within ~100,000 years (not imminent on human timescale)
• When it explodes: visible in daylight from Earth, possibly brighter than the full Moon for weeks

THE COMPANION STAR (BETELGEUSE B / SIWARHA)

• Discovered: Direct images published July 28, 2026 (ESO news release eso2611)
• Images taken: December 2024 (ESO Very Large Telescope, SPHERE-ZIMPOL instrument)
• Lead researcher: Miguel Montargès, Observatoire de Paris
• Paper: Montargès et al., Astronomy & Astrophysics (2026), doi:10.1051/0004-6361/202661023
• Companion type: B-type main-sequence star
• Mass: 2–3 solar masses (heavier than the ~1 solar mass originally predicted)
• Orbital distance: ~8.8 AU from Betelgeuse (roughly the distance of Saturn from our Sun)
• The companion is moving through Betelgeuse's extended outer atmosphere, creating a wake of gas and dust
• This wake explains decades of unexplained brightness fluctuations, including the 2019–2020 ""Great Dimming""
• Final confirmation needed: November 2027, when the companion swings to the opposite side of its orbit

THE GREAT DIMMING (2019–2020)

• Beginning late 2019, Betelgeuse dimmed to roughly one-third of its normal brightness
• The dimming was the most dramatic in observed history
• Initial fears of an imminent supernova were widespread in media
• In January 2020, Hubble observations revealed a large surface mass ejection (SME) — Betelgeuse ejected a cloud of hot plasma that cooled and condensed into dust, blocking ~25% of the star's light
• The companion's gravitational influence may have triggered this ejection

---

OBSERVATORIES & INSTRUMENTS

• ESO Very Large Telescope (VLT) — SPHERE-ZIMPOL instrument (companion imaging)
• Hubble Space Telescope — Surface mass ejection observations (2020)
• ESO VLT — SPHERE instrument (surface imaging during Great Dimming)
• ALMA — Betelgeuse size comparison images
• AAVSO — Long-term light curve monitoring

---

SOURCES

• Montargès et al., ""Direct imaging of a stellar companion to Betelgeuse,"" Astronomy & Astrophysics (July 28, 2026)
• ESO News Release eso2611 (July 28, 2026)
• ESO News Release eso2109: ""Betelgeuse's Great Dimming Revealed"" (2021)
• NASA/Hubble: ""Hubble Captures Spectacular Image of Betelgeuse's Surface"" (2020)
• Andrea Dupree (CfA/Harvard) — Companion wake findings (CNN, January 2026)
• Sci.News: ""Astronomers Directly Image Betelgeuse's Long-Suspected Stellar Companion"" (August 2026)

---

CREDIT

Footage: ESO/M. Montargès et al., NASA, ESA/Hubble, Pixabay (CC0)
Music: Licensed for commercial use
Voice: AI-generated narration
Image Credit: ESO/M. Montargès et al. (CC BY 4.0)

---

FOLLOW UNIVERSE IMPACT

🔔 Subscribe for more breaking space discoveries
📱 Follow us for daily content

#Betelgeuse #Supernova #Orion #ESO #VLT #Astronomy #Space #RedSupergiant #BetelgeuseB #Siwarha #GreatDimming #MiguelMontarges #UniverseImpact #Stars #cosmology",89,"08/07/2026 01:23",https://www.facebook.com/reel/1723859075522577/,Reel,,Lifetime,32.117,15,+4.7x,0,0,18337,712,166,632,42,35,580596.285,17999,21046
